[
    {
        "id": 1,
        "img1": 97,
        "img2": "97_1",
        "point1": [
            379,
            62
        ],
        "point2": [
            251,
            112
        ],
        "point3": [
            95,
            161
        ],
        "point4": [
            184,
            260
        ],
        "point5": [
            426,
            178
        ],
        "rimg1": "https://cdn-xyx.raink.com.cn/bszdk/wx/adjust04/97.jpg",
        "rimg2": "https://cdn-xyx.raink.com.cn/bszdk/wx/adjust04/97_1.jpg",
        "time": 7200
    },
    {
        "id": 2,
        "img1": 114,
        "img2": "114_1",
        "point1": [
            152,
            154
        ],
        "point2": [
            24,
            215,
            78,
            212
        ],
        "point3": [
            635,
            315
        ],
        "point4": [
            400,
            246
        ],
        "point5": [
            350,
            125,
            286,
            61
        ],
        "rimg1": "https://cdn-xyx.raink.com.cn/bszdk/wx/adjust03/114.jpg",
        "rimg2": "https://cdn-xyx.raink.com.cn/bszdk/wx/adjust03/114_1.jpg",
        "time": 90
    },
    {
        "id": 3,
        "img1": 93,
        "img2": "93_1",
        "point1": [
            133,
            7,
            149,
            136
        ],
        "point2": [
            405,
            84
        ],
        "point3": [
            584,
            88
        ],
        "point4": [
            300,
            203
        ],
        "point5": [
            410,
            244
        ],
        "rimg1": "https://cdn-xyx.raink.com.cn/bszdk/wx/adjust04/93.jpg",
        "rimg2": "https://cdn-xyx.raink.com.cn/bszdk/wx/adjust04/93_1.jpg",
        "time": 90
    },
    {
        "id": 4,
        "img1": 95,
        "img2": "95_1",
        "point1": [
            197,
            90
        ],
        "point2": [
            307,
            216
        ],
        "point3": [
            249,
            295
        ],
        "point4": [
            642,
            249
        ],
        "point5": [
            566,
            129
        ],
        "rimg1": "https://cdn-xyx.raink.com.cn/bszdk/wx/adjust04/95.jpg",
        "rimg2": "https://cdn-xyx.raink.com.cn/bszdk/wx/adjust04/95_1.jpg",
        "time": 90
    },
    {
        "id": 5,
        "img1": 113,
        "img2": "113_1",
        "point1": [
            32,
            256
        ],
        "point2": [
            397,
            155
        ],
        "point3": [
            338,
            270
        ],
        "point4": [
            588,
            185,
            97,
            72
        ],
        "point5": [
            110,
            130,
            96,
            95
        ],
        "rimg1": "https://cdn-xyx.raink.com.cn/bszdk/wx/adjust06/113.jpg",
        "rimg2": "https://cdn-xyx.raink.com.cn/bszdk/wx/adjust06/113_1.jpg",
        "time": 90
    }
]