[
    {
        "id": 1,
        "img1": 601,
        "img2": "601_1",
        "point1": [
            198,
            248
        ],
        "point2": [
            248,
            400,
            65
        ],
        "point3": [
            317,
            98
        ],
        "point4": [
            496,
            73,
            65
        ],
        "point5": [
            569,
            271
        ],
        "time": 100
    },
    {
        "id": 2,
        "img1": 602,
        "img2": "602_1",
        "point1": [
            203,
            68
        ],
        "point2": [
            165,
            197,
            115,
            83
        ],
        "point3": [
            470,
            90
        ],
        "point4": [
            450,
            259
        ],
        "point5": [
            640,
            2,
            50,
            229
        ],
        "time": 100
    },
    {
        "id": 3,
        "img1": 603,
        "img2": "603_1",
        "point1": [
            41,
            40
        ],
        "point2": [
            40,
            393
        ],
        "point3": [
            243,
            69,
            80,
            175
        ],
        "point4": [
            468,
            383
        ],
        "point5": [
            568,
            50,
            122,
            179
        ],
        "time": 100
    },
    {
        "id": 4,
        "img1": 604,
        "img2": "604_1",
        "point1": [
            66,
            190
        ],
        "point2": [
            309,
            200
        ],
        "point3": [
            424,
            13,
            55
        ],
        "point4": [
            410,
            395
        ],
        "point5": [
            630,
            87
        ],
        "time": 100
    },
    {
        "id": 5,
        "img1": 605,
        "img2": "605_1",
        "point1": [
            142,
            242
        ],
        "point2": [
            254,
            54
        ],
        "point3": [
            386,
            265
        ],
        "point4": [
            421,
            96
        ],
        "point5": [
            661,
            75
        ],
        "time": 100
    }
]